,most_common,cnin0770
Vitamin String Quartet,Entertainment,Entertainment
Ellegarden,Entertainment,Entertainment
Fort Stewart,Error,Public administration
Ange,Entertainment,Entertainment
Miss Sweden,Entertainment,Entertainment
Rockstar Toronto,Entertainment,Entertainment
Evile,Entertainment,Entertainment
St. Fintan's High School,Education,Education
Mitsubishi Aircraft Company,Trade,Trade
MTM Records,Entertainment,Entertainment
The Latino Rockabilly War,Entertainment,Entertainment
Spectrum (TV channel),Entertainment,Entertainment
urrieq F.C.,Sports,Sports
Elections in Finland,Error,Social
Today's Best Hits,Entertainment,Entertainment
Central Provident Fund,Finance,Finance
Future and Freedom,Social,Social
Perkins Engines,Trade,Trade
Saint Mary's Gaels,Sports,Sports
Q-type Queens car (New York City Subway car),Error,Error
Sri Lanka Administrative Service,Public administration,Public administration
Parnall,Trade,Trade
The Scout Association of Hong Kong,Social,Social
Constituent Assembly of Lithuania,Public administration,Public administration
WEOA,Entertainment,Entertainment
Shakey's V-League,Sports,Sports
73d Special Operations Squadron,Public administration,Public administration
DR Congo women's national football team,Sports,Sports
Mount Zion One Room School,Education,Education
Advance (trade union),Social,Social
LNFA,Sports,Sports
Institutional Revolutionary Party,Social,Social
Live Nation Entertainment,Entertainment,Entertainment
Grangenolvin G.F.C.,Sports,Entertainment
Great Nordic Biker War,Error,Error
Oklahoma Constitution,Error,Error
University of Belgrade Faculty of Philosophy,Education,Education
KPNP,Entertainment,Entertainment
Legislative Assembly of the Province of Canada,Public administration,Public administration
Darlinghurst Gaol,Public administration,Public administration
Cornell University School of Industrial and Labor Relations,Education,Education
NetApp,SciTech,SciTech
Curry School of Education,Education,Education
Consumers Union,Social,Social
Minnesota Golden Gophers men's gymnastics,Sports,Sports
Edgar Award,Error,Entertainment
V Hits,Entertainment,Entertainment
Welsh Office,Public administration,Public administration
Tony Blair Faith Foundation,Social,Social
St. Louis Cardinals all-time roster,Sports,Sports
ITV Telethon,Error,Entertainment
452d Air Mobility Wing,Public administration,Public administration
Modern Theatres,Entertainment,Entertainment
British Airways Flight 149,Error,Transport
Benburb F.C.,Sports,Sports
Royal Danish Academy of Fine Arts,Education,Education
Lucy Parsons Center,Social,Social
11th Armoured Division (United Kingdom),Public administration,Public administration
Pacific Scandal,Error,Error
Nu Pagadi,Entertainment,Entertainment
Vehicle registration plates of the Northern Mariana Islands,Error,Error
Dragonette,Entertainment,Entertainment
Japanese Northern China Area Army,Public administration,Public administration
Goa liberation movement,Error,Error
Zachta,Entertainment,Entertainment
Anglican Church of Canada,Social,Social
WTCT,Entertainment,Entertainment
KSUE,Entertainment,Entertainment
1954 Wisconsin Badgers football team,Sports,Sports
South London Gallery,Entertainment,Entertainment
University of Toronto Campus Community Police Service,Public administration,Public administration
Mdaille commmorative de l'expdition de Chine (1901),Error,Error
Socit Bic,Trade,Trade
C.D. Municipal Limeo,Sports,Sports
KCCY,Entertainment,Entertainment
Football in Argentina,Error,Sports
Puget Sound Adventist Academy,Education,Education
Culver's,Hospitality,Hospitality
Air Transport Auxiliary,Transport,Trade
Institute of Financial Accountants,Finance,Social
West Virginia Northern Community College,Education,Education
Southern Illinois Salukis football,Sports,Sports
National Iranian Petrochemical Company,Resources,Resources
Manado United,Sports,Sports
Edinburgh Eagles (ice hockey),Sports,Sports
Camillians,Social,Social
Waffen-SS,Public administration,Public administration
Bohemia Visual Music,Entertainment,Entertainment
Colgate Rochester Crozer Divinity School,Education,Education
Jeannette Athletic Club,Sports,Sports
The Calgary Highlanders,Public administration,Public administration
Office of Economic Adjustment,Public administration,Public administration
Pinellas County Schools,Education,Education
VVA-Podmoskovye Monino,Sports,Sports
Leeds General Infirmary,Health,Health
The Dillinger Escape Plan,Entertainment,Entertainment
Vidyasagar Evening College,Education,Education
London Buses route 258,Error,Transport
Royal Naval Reserve,Public administration,Public administration
Church's Chicken,Hospitality,Hospitality
School District 57 Prince George,Education,Education
German Aerospace Center,SciTech,SciTech
One O'Clock Lab Band,Entertainment,Entertainment
Extremity Games,Sports,Sports
SaferNet,Social,Social
Trinidad and Tobago national rugby union team (sevens),Sports,Sports
Jaeger-LeCoultre,Trade,Trade
McGill-Queen's University Press,Education,Education
United Western Recorders,Entertainment,Entertainment
FX Canada,Entertainment,Entertainment
Adjutant General of Oklahoma,Error,Error
WRTC-FM,Entertainment,Entertainment
HMAS Harman,Public administration,Public administration
Secretary General of UNASUR,Error,Error
RAF Coltishall,Public administration,Public administration
Derbi,Trade,Trade
WWEG,Entertainment,Entertainment
Sport in Cardiff,Error,Error
Great Lakes Airlines,Transport,Transport
KLBF,Entertainment,Entertainment
Revenue Act of 1936,Error,Error
DWAG,Trade,Trade
Fleet Marine Force,Public administration,Public administration
Philadelphia Tapers,Sports,Sports
Kommersant,Entertainment,Entertainment
Midwest Communications,Entertainment,Entertainment
Wera Tools,Trade,Trade
44th Infantry Division (Germany),Public administration,Public administration
Embassy of the United States in Tokyo,Public administration,Public administration
Saint-Louis (glass manufacturer),Trade,Trade
196263 Illinois Fighting Illini men's basketball team,Sports,Sports
Zambia at the Paralympics,Error,Sports
Royal Astronomical Society,SciTech,SciTech
China Shipbuilding Industry Corporation,Trade,Trade
Applied Underwriters Inc.,Finance,Finance
WDEK (AM),Entertainment,Entertainment
WPEO,Entertainment,Entertainment
Taimyr Air Company,Transport,Transport
Ennahda Movement,Social,Social
Navy Midshipmen men's lacrosse,Sports,Sports
332d Troop Carrier Squadron,Public administration,Public administration
Shaye,Entertainment,Entertainment
Walmart,Trade,Trade
Robert Marlow,Entertainment,Entertainment
Muir Homes,Real estate,Real estate
Eclipse Foundation,SciTech,SciTech
Yankee (magazine),Entertainment,Entertainment
Project 571 Outline,Error,Error
No. 535 Squadron RAF,Public administration,Error
North Carolina Tar Heels field hockey,Sports,Sports