,GOLD,aari5136,afen9038,agup7545,amor0285,awan5381,awon8465,bkir6587,bson2499,ckni9525,cnin0770,csho9635,deli9382,dmar3720,dram3878,erhu2694,ggre5692,gpan2286,gsin6656,gtim7615,gyua0818,hche7818,hhus3747,hwan1865,imal6870,jdon3970,jgas0041,jloc8749,jwon5553,king7184,klee6563,lche9329,lhen2020,lshi4785,maza4291,mroc9684,mvau4494,nliu5602,nmoo7852,nvet1748,pkum9303,rgen8070,rnic7557,roco3989,saxu2211,sihe2302,sper3495,tjin0016,xdai6399,xguo8788,xzha4635,yeli0406,ygao7195,yguo3624,yiye6312,yyua4245
Vitamin String Quartet,Entertainment,Entertainment,Entertainment,Entertainment,Entertainment,Entertainment,Entertainment,Entertainment,Entertainment,Entertainment,Entertainment,Entertainment,Entertainment,Entertainment,Entertainment,Entertainment,Entertainment,Entertainment,Entertainment,Entertainment,Entertainment,Entertainment,Entertainment,Entertainment,Entertainment,Entertainment,Entertainment,Entertainment,Entertainment,Entertainment,Entertainment,Entertainment,Entertainment,Entertainment,Entertainment,Entertainment,Entertainment,Entertainment,Entertainment,Entertainment,Entertainment,Entertainment,Entertainment,Entertainment,Entertainment,Entertainment,Entertainment,Entertainment,Entertainment,Entertainment,Entertainment,Entertainment,Entertainment,Entertainment,Entertainment,Entertainment
Ellegarden,Entertainment,Entertainment,Entertainment,Entertainment,Entertainment,Entertainment,Entertainment,Entertainment,Entertainment,Entertainment,Entertainment,Entertainment,Entertainment,Entertainment,Entertainment,Entertainment,Entertainment,Entertainment,Entertainment,Entertainment,Entertainment,Entertainment,Entertainment,Entertainment,Entertainment,Entertainment,Entertainment,Entertainment,Entertainment,Entertainment,Entertainment,Entertainment,Entertainment,Entertainment,Entertainment,Entertainment,Entertainment,Entertainment,Entertainment,Entertainment,Entertainment,Entertainment,Entertainment,Entertainment,Entertainment,Entertainment,Entertainment,Entertainment,Entertainment,Entertainment,Entertainment,Entertainment,Entertainment,Entertainment,Entertainment,Entertainment
Fort Stewart,Error,Other,Public administration,Error,Error,Public administration,Public administration,Error,Public administration,Public administration,Public administration,Public administration,Error,Error,Error,Error,Error,Error,Error,Public administration,Public administration,Public administration,Error,Error,Public administration,Public administration,Error,Error,Error,Error,Public administration,Real estate,Error,Public administration,Error,Real estate,Public administration,Error,Public administration,Error,Error,Public administration,Error,Public administration,Public administration,Public administration,Other,Public administration,error,Error,Public administration,Error,Error,Other,Public administration,Public administration
Ange,Entertainment,Entertainment,Entertainment,Entertainment,Entertainment,Entertainment,Entertainment,Entertainment,Entertainment,Entertainment,Entertainment,Entertainment,Entertainment,Entertainment,Entertainment,Entertainment,Entertainment,Entertainment,Entertainment,Entertainment,Entertainment,Entertainment,Entertainment,Entertainment,Entertainment,Entertainment,Entertainment,Entertainment,Entertainment,Entertainment,Entertainment,Entertainment,Entertainment,Entertainment,Entertainment,Entertainment,Entertainment,Entertainment,Entertainment,Entertainment,Entertainment,Entertainment,Entertainment,Entertainment,Entertainment,Entertainment,Entertainment,Entertainment,Entertainment,Entertainment,Entertainment,Entertainment,Entertainment,Entertainment,Entertainment,Entertainment
Miss Sweden,Entertainment,Error,Error,Error,Social,Social,Entertainment,Entertainment,Error,Entertainment,Entertainment,Entertainment,Error,Social,Entertainment,Social,Social,Error,Entertainment,Entertainment,Social,Entertainment,Entertainment,Error,Entertainment,Entertainment,Entertainment,Error,Entertainment,Error,Entertainment,Entertainment,Entertainment,Entertainment,Entertainment,Error,Entertainment,Entertainment,Social,Entertainment,Social,Error,Entertainment,Error,Entertainment,Entertainment,Social,Social,Error,Entertainment,Entertainment,Error,Error,Social,Entertainment,Error
Rockstar Toronto,Entertainment,Entertainment,Entertainment,SciTech,SciTech,Entertainment,Entertainment,SciTech,Entertainment,Trade,Entertainment,SciTech,Entertainment,SciTech,Entertainment,SciTech,SciTech,SciTech,SciTech,SciTech,Entertainment,Entertainment,Entertainment,Entertainment,Entertainment,SciTech,Entertainment,SciTech,Entertainment,SciTech,Entertainment,Entertainment,Entertainment,Entertainment,Trade,SciTech,Trade,Entertainment,Trade,Entertainment,Entertainment,SciTech,Entertainment,SciTech,Trade,Entertainment,Entertainment,Entertainment,Entertainment,SciTech,SciTech,SciTech,SciTech,Entertainment,Entertainment,Entertainment
Evile,Entertainment,Entertainment,Entertainment,Entertainment,Entertainment,Entertainment,Entertainment,Entertainment,Entertainment,Entertainment,Entertainment,Entertainment,Entertainment,Entertainment,Entertainment,Entertainment,Entertainment,Entertainment,Entertainment,Entertainment,Entertainment,Entertainment,Entertainment,Entertainment,Entertainment,Entertainment,Entertainment,Entertainment,Entertainment,Entertainment,Entertainment,Entertainment,Entertainment,Entertainment,Entertainment,Entertainment,Entertainment,Entertainment,Entertainment,Entertainment,Entertainment,Entertainment,Entertainment,Entertainment,Entertainment,Entertainment,Entertainment,Entertainment,Entertainment,Entertainment,Entertainment,Entertainment,Entertainment,Entertainment,Entertainment,Entertainment
St. Fintan's High School,Education,Education,Education,Education,Education,Education,Education,Education,Education,Education,Education,Education,Education,Education,Education,Education,Education,Education,Education,Public administration,Education,Education,Education,Education,Education,Education,Education,Education,Education,Education,Education,Education,Education,Education,Education,Education,Education,Education,Education,Education,Education,Education,Education,Education,Education,Education,Education,Education,Education,Education,Education,Education,Education,Education,Education,Education
Mitsubishi Aircraft Company,Trade,Trade,Trade,Trade,Trade,Trade,Trade,Transport,Trade,Trade,Trade,Trade,Trade,Trade,Trade,Trade,Trade,Trade,SciTech,Trade,Trade,Transport,Trade,SciTech,Trade,Transport,Trade,SciTech,Trade,SciTech,Trade,Trade,Other,Entertainment,Trade,Transport,Trade,SciTech,Trade,Trade,Trade,Transport,Trade,Trade,Trade,Trade,SciTech,Trade,Trade,Trade,Trade,Trade,Transport,Finance,Trade,Trade
MTM Records,Entertainment,Entertainment,Entertainment,Entertainment,Entertainment,Entertainment,Entertainment,Entertainment,Entertainment,Entertainment,Entertainment,Entertainment,Entertainment,Entertainment,Entertainment,Entertainment,Entertainment,Entertainment,Entertainment,Entertainment,Entertainment,Entertainment,Education,Entertainment,Entertainment,Entertainment,Entertainment,Entertainment,Entertainment,Entertainment,Entertainment,Entertainment,Entertainment,Entertainment,Entertainment,Entertainment,Trade,Entertainment,Entertainment,Entertainment,Entertainment,Entertainment,Entertainment,Entertainment,Other,Entertainment,Entertainment,Entertainment,Entertainment,Entertainment,Entertainment,Entertainment,Entertainment,Entertainment,Entertainment,Entertainment
The Latino Rockabilly War,Entertainment,Entertainment,Entertainment,Entertainment,Entertainment,Error,Entertainment,Entertainment,Entertainment,Entertainment,Entertainment,Entertainment,Entertainment,Entertainment,Entertainment,Entertainment,Entertainment,Entertainment,Entertainment,Entertainment,Entertainment,Entertainment,Education,Entertainment,Entertainment,Entertainment,Entertainment,Entertainment,Entertainment,Entertainment,Entertainment,Entertainment,Entertainment,Entertainment,Entertainment,Entertainment,Entertainment,Entertainment,Entertainment,Entertainment,Entertainment,Entertainment,Entertainment,Entertainment,Entertainment,Entertainment,Entertainment,Entertainment,Entertainment,Entertainment,Entertainment,Entertainment,Entertainment,Entertainment,Entertainment,Entertainment
Spectrum (TV channel),Entertainment,Entertainment,Entertainment,Entertainment,Entertainment,Finance,Entertainment,Entertainment,Entertainment,Entertainment,Entertainment,Entertainment,Entertainment,Entertainment,Entertainment,Entertainment,Entertainment,Entertainment,Entertainment,Entertainment,Entertainment,Entertainment,Entertainment,Entertainment,Entertainment,Entertainment,Trade,Entertainment,Entertainment,Entertainment,Entertainment,Entertainment,Entertainment,Entertainment,Entertainment,Entertainment,Entertainment,Entertainment,Entertainment,Entertainment,Entertainment,Entertainment,Entertainment,Entertainment,Entertainment,Entertainment,Entertainment,Entertainment,Entertainment,Entertainment,Entertainment,Entertainment,Entertainment,Entertainment,Entertainment,Entertainment
Żurrieq F.C.,Sports,Sports,Sports,Sports,Sports,Sports,Sports,Sports,Sports,Sports,Sports,Sports,Sports,Sports,Sports,Sports,Sports,Sports,Sports,Sports,Sports,Sports,Sports,Sports,Sports,Sports,Sports,Sports,Sports,Sports,Sports,Sports,Sports,Sports,Sports,Sports,Sports,Sports,Social,Sports,Sports,Sports,Sports,Sports,Sports,Sports,Sports,Sports,Sports,Sports,Social,Sports,Sports,Sports,Sports,Sports
Elections in Finland,Error,Error,Error,Error,Error,Public administration,Public administration,Social,Error,Public administration,Social,Public administration,Error,Social,Other,Error,Error,Error,Error,Error,Public administration,Error,Public administration,Error,Error,Public administration,Error,Error,Public administration,Error,Error,Social,Public administration,Public administration,Public administration,Error,Social,Error,Public administration,Error,Error,Error,Error,Error,Public administration,Public administration,Other,Public administration,error,Public administration,Other,Error,Error,Public administration,Error,Public administration
Today's Best Hits,Entertainment,Entertainment,Entertainment,Entertainment,Entertainment,Entertainment,Entertainment,Entertainment,Entertainment,Entertainment,Entertainment,Entertainment,Entertainment,Entertainment,Entertainment,Entertainment,Entertainment,Entertainment,Entertainment,Entertainment,Entertainment,Entertainment,Entertainment,Entertainment,Entertainment,Entertainment,Entertainment,Entertainment,Entertainment,Entertainment,Entertainment,Entertainment,Entertainment,Entertainment,Entertainment,Entertainment,Entertainment,Entertainment,Entertainment,Entertainment,Entertainment,Entertainment,Entertainment,Entertainment,Entertainment,Entertainment,Entertainment,Entertainment,Entertainment,Entertainment,Entertainment,Entertainment,Entertainment,Entertainment,Entertainment,Entertainment
Central Provident Fund,Finance,Public administration,Finance,Finance,Finance,Public administration,Social,Public administration,Hospitality,Public administration,Finance,Public administration,Finance,Finance,Error,Public administration,Finance,Error,Error,Social,Public administration,Social,Hospitality,Error,Public administration,Finance,Social,Error,Finance,Error,Error,Finance,Public administration,Public administration,Finance,Finance,Finance,Error,Finance,Error,Error,Finance,Finance,Finance,Public administration,Social,Public administration,Finance,Error,Finance,Social,Finance,Error,Public administration,Error,Error
Future and Freedom,Social,Public administration,Social,Public administration,Social,Social,Public administration,Social,Social,Social,Social,Public administration,Social,Social,Social,Public administration,Social,Public administration,Social,Public administration,Social,Error,Public administration,Social,Social,Public administration,Social,Social,Social,Social,Social,Social,Social,Social,Public administration,Social,Social,Public administration,Social,Public administration,Social,Social,Social,Social,Social,Social,Social,Social,Social,Social,Finance,Public administration,Social,Social,Social,Social
Perkins Engines,Trade,Trade,Trade,SciTech,Trade,Trade,Trade,Other,Trade,Trade,Trade,Trade,Trade,Trade,Trade,SciTech,Other,Trade,Trade,Trade,Trade,Trade,Trade,Trade,Trade,Trade,Trade,Trade,Trade,SciTech,Trade,Trade,Trade,Resources,Trade,Trade,Trade,SciTech,Trade,Real estate,Transport,SciTech,Trade,Trade,Trade,Trade,SciTech,Trade,Trade,Trade,Social,Trade,Trade,SciTech,Trade,Trade
Saint Mary's Gaels,Sports,Sports,Sports,Sports,Sports,Sports,Sports,Sports,Sports,Sports,Sports,Sports,Sports,Sports,Sports,Sports,Sports,Sports,Sports,Sports,Sports,Sports,Sports,Sports,Sports,Sports,Sports,Sports,Sports,Sports,Sports,Sports,Sports,Sports,Sports,Sports,Sports,Sports,Sports,Sports,Sports,Sports,Sports,Sports,Social,Sports,Sports,Sports,Sports,Sports,Sports,Sports,Sports,Sports,Sports,Sports
Q-type Queens car (New York City Subway car),Error,Error,Transport,Error,Error,Transport,Transport,Error,Transport,Error,Error,Transport,Error,Error,Error,Error,Transport,Error,Error,Error,Transport,Transport,Transport,Error,Error,Transport,Error,Error,Transport,Transport,Error,Transport,Error,Error,Error,Transport,Error,Error,Error,Error,Transport,Error,Error,Error,Transport,Transport,Transport,Transport,Error,Error,Error,Transport,Error,Transport,Error,Error
Sri Lanka Administrative Service,Public administration,Public administration,Public administration,Public administration,Public administration,Public administration,Public administration,Public administration,Public administration,Public administration,Public administration,Public administration,Public administration,Public administration,Public administration,Public administration,Public administration,Public administration,Public administration,Public administration,Public administration,Social,Public administration,Public administration,Public administration,Public administration,Public administration,Public administration,Public administration,Social,Public administration,Public administration,Public administration,Social,Public administration,Public administration,Public administration,Public administration,Public administration,Public administration,Public administration,Public administration,Public administration,Public administration,Public administration,Public administration,Public administration,Public administration,Error,Public administration,Public administration,Public administration,Public administration,Public administration,Public administration,Public administration
Parnall,Trade,Trade,Trade,Transport,Trade,Trade,Trade,Transport,Trade,Trade,Trade,Trade,Trade,Trade,Trade,Trade,Transport,Trade,SciTech,Trade,Trade,Trade,Trade,Trade,Trade,Trade,Transport,Trade,Trade,Trade,Trade,Trade,Other,Trade,Trade,Transport,Trade,SciTech,Trade,Trade,Trade,SciTech,Trade,Trade,Trade,Public administration,SciTech,Trade,Trade,Trade,Trade,Trade,Transport,Resources,Trade,Trade
The Scout Association of Hong Kong,Social,Education,Education,Social,Social,Social,Social,Social,Education,Social,Social,Sports,Social,Social,Social,Social,Social,Education,Education,Social,Social,Social,Social,Public administration,Social,Public administration,Social,Social,Social,Social,Social,Public administration,Social,Education,Education,Social,Social,Public administration,Social,Social,Public administration,Social,Social,Social,Public administration,Public administration,Social,Education,Social,Social,Social,Social,Social,Education,Social,Public administration
Constituent Assembly of Lithuania,Public administration,Public administration,Public administration,Public administration,Public administration,Public administration,Public administration,Public administration,Social,Public administration,Public administration,Public administration,Public administration,Public administration,Public administration,Public administration,Public administration,Public administration,Public administration,Public administration,Social,Public administration,Public administration,Public administration,Public administration,Public administration,Public administration,Public administration,Public administration,Public administration,Public administration,Social,Public administration,Public administration,Public administration,Error,Public administration,Error,Social,Public administration,Public administration,Social,Public administration,Public administration,Public administration,Social,Social,Social,Public administration,Public administration,Social,Public administration,Public administration,Social,Public administration,Public administration
WEOA,Entertainment,Entertainment,Entertainment,Entertainment,Entertainment,SciTech,Entertainment,Entertainment,SciTech,Entertainment,Entertainment,Entertainment,Entertainment,Entertainment,Error,Error,Entertainment,Entertainment,Entertainment,Entertainment,Social,Entertainment,Other,Entertainment,Error,Trade,Entertainment,Error,Entertainment,Entertainment,Entertainment,Transport,Entertainment,Error,Error,Entertainment,Entertainment,Public administration,Error,Entertainment,Entertainment,Entertainment,Entertainment,Entertainment,SciTech,Public administration,Entertainment,Entertainment,Entertainment,Entertainment,Entertainment,Entertainment,Entertainment,SciTech,Entertainment,Entertainment
Shakey's V-League,Sports,Sports,Sports,Sports,Sports,Sports,Sports,Sports,Sports,Sports,Sports,Sports,Sports,Sports,Sports,Sports,Sports,Sports,Sports,Sports,Sports,Sports,Sports,Social,Sports,Sports,Sports,Sports,Sports,Sports,Sports,Sports,Sports,Sports,Sports,Sports,Sports,Sports,Sports,Sports,Sports,Sports,Sports,Sports,Sports,Sports,Sports,Sports,Sports,Sports,Sports,Sports,Sports,Sports,Sports,Sports
73d Special Operations Squadron,Public administration,SciTech,Public administration,Public administration,Public administration,Public administration,Public administration,Public administration,Public administration,Public administration,Public administration,Public administration,Public administration,Public administration,Error,Public administration,Error,Error,Public administration,Public administration,Public administration,Public administration,Public administration,Public administration,Public administration,Trade,Public administration,Public administration,Public administration,Public administration,Public administration,Public administration,Other,Public administration,Public administration,Public administration,Public administration,Error,Public administration,Public administration,Public administration,SciTech,Public administration,Public administration,Public administration,Public administration,Public administration,Public administration,Public administration,Public administration,Public administration,Other,Public administration,Other,Public administration,Public administration
DR Congo women's national football team,Sports,Sports,Sports,Sports,Sports,Sports,Sports,Sports,Sports,Sports,Sports,Sports,Sports,Sports,Sports,Sports,Sports,Sports,Sports,Sports,Sports,Sports,Sports,Sports,Sports,Sports,Sports,Sports,Sports,Sports,Sports,Sports,Sports,Sports,Sports,Sports,Sports,Sports,Sports,Sports,Sports,Sports,Sports,Sports,Sports,Sports,Sports,Sports,Sports,Sports,Sports,Sports,Sports,Sports,Sports,Sports
Mount Zion One Room School,Education,Education,Education,Education,Education,Education,Other,Education,Education,Education,Education,Education,Education,Education,Education,Education,Education,Education,Education,Education,Education,Education,Education,Education,Education,Education,Education,Education,Education,Education,Education,Education,Education,Education,Education,Education,Education,Education,Education,Education,Education,Education,Education,Education,Education,Education,Education,Education,Education,Education,Education,Education,Education,Education,Education,Education
Advance (trade union),Social,Trade,Public administration,Finance,Social,Trade,Social,Social,Trade,Social,Social,Social,Social,Social,Other,Public administration,Trade,Other,Social,Social,Social,Trade,Trade,Finance,Finance,Trade,Social,Finance,Social,Social,Social,Trade,Other,Trade,Trade,Social,Social,Trade,Social,Error,Social,Trade,Social,Social,Social,Trade,Social,Social,Social,Error,Trade,Public administration,Trade,Finance,Trade,Social
LNFA,Sports,Sports,Sports,Sports,Sports,Sports,Sports,Sports,Sports,Sports,Sports,Sports,Sports,Sports,Sports,Sports,Sports,Sports,Sports,Sports,Sports,Sports,Sports,Social,Sports,Sports,Sports,Sports,Sports,Sports,Sports,Sports,Sports,Sports,Sports,Sports,Sports,Sports,Sports,Sports,Sports,Sports,Sports,Sports,Sports,Sports,Sports,Sports,Sports,Sports,Sports,Sports,Sports,Sports,Sports,Sports
Institutional Revolutionary Party,Social,Public administration,Social,Public administration,Social,Social,Public administration,Social,Social,Public administration,Social,Social,Social,Social,Public administration,Public administration,Public administration,Public administration,Social,Public administration,Public administration,Social,Public administration,Social,Public administration,Public administration,Public administration,Public administration,Social,Social,Social,Social,Public administration,Social,Social,Social,Social,Public administration,Social,Public administration,Social,Social,Social,Social,Social,Social,Social,Social,Social,Social,Public administration,Public administration,Social,Public administration,Social,Social
Live Nation Entertainment,Entertainment,Entertainment,Entertainment,Entertainment,Entertainment,Entertainment,Entertainment,Entertainment,Entertainment,Entertainment,Entertainment,Entertainment,Entertainment,Entertainment,Entertainment,Entertainment,Entertainment,Entertainment,Entertainment,Entertainment,Entertainment,Entertainment,Entertainment,Entertainment,Entertainment,Entertainment,Entertainment,Entertainment,Entertainment,Entertainment,Entertainment,Entertainment,Entertainment,Entertainment,Entertainment,Entertainment,Entertainment,Entertainment,Entertainment,Entertainment,Entertainment,Entertainment,Entertainment,Entertainment,Entertainment,Entertainment,Entertainment,Entertainment,Entertainment,Entertainment,Entertainment,Entertainment,Entertainment,Entertainment,Entertainment,Entertainment
Grangenolvin G.F.C.,Sports,Sports,Sports,Sports,Sports,Sports,Sports,Sports,Sports,Sports,Entertainment,Sports,Sports,Sports,Sports,Sports,Sports,Sports,Sports,Sports,Sports,Sports,Sports,Sports,Entertainment,Sports,Sports,Sports,Sports,Sports,Sports,Sports,Sports,Sports,Sports,Sports,Sports,Sports,Sports,Sports,Sports,Sports,Sports,Sports,Sports,Sports,Sports,Sports,Sports,Sports,Social,Sports,Sports,Sports,Sports,Sports
Great Nordic Biker War,Error,Error,Error,Error,Error,Error,Error,Error,Error,Error,Error,Error,Error,Error,Error,Error,Error,Error,Error,Error,Social,Other,Other,Error,Error,Other,Other,Error,Error,Error,Error,Social,Error,Error,Error,Social,Error,Error,Error,Error,Error,Error,Error,Error,Error,Sports,Other,Error,Error,Error,Other,Error,Error,Social,Other,Error
Oklahoma Constitution,Error,Error,Error,Error,Error,Public administration,Public administration,Error,Error,Public administration,Error,Error,Error,Error,Error,Error,Public administration,Error,Error,Error,Public administration,Error,Public administration,Error,Error,Public administration,Error,Error,Error,Error,Error,Public administration,Error,Error,Error,Error,Error,Error,Error,Error,Error,Public administration,Error,Error,Error,Error,Social,Public administration,Error,Public administration,Public administration,Error,Error,Public administration,Public administration,Public administration
University of Belgrade Faculty of Philosophy,Education,Education,Education,Education,Education,Education,Education,Education,Education,Education,Education,Education,Education,Education,Education,Education,Education,Education,Education,Education,Education,Education,Education,Education,Education,Education,Education,Education,Education,Education,Education,Education,Education,Education,Education,Education,Education,Education,Education,Education,Education,Education,Education,Education,Education,Education,Education,Education,Education,Education,Education,Education,Education,Education,Education,Education
KPNP,Entertainment,Entertainment,Entertainment,Entertainment,Entertainment,Entertainment,Entertainment,Entertainment,Entertainment,Entertainment,Entertainment,Entertainment,Entertainment,Entertainment,Entertainment,Entertainment,Entertainment,Entertainment,Entertainment,Entertainment,Entertainment,Entertainment,Entertainment,Social,Entertainment,Entertainment,Entertainment,Entertainment,Entertainment,Entertainment,Entertainment,Entertainment,Entertainment,Entertainment,Entertainment,Entertainment,Entertainment,Entertainment,Entertainment,Entertainment,Entertainment,Entertainment,Entertainment,Entertainment,Entertainment,Entertainment,Entertainment,Entertainment,Entertainment,Entertainment,Entertainment,Entertainment,Entertainment,Entertainment,Entertainment,Entertainment
Legislative Assembly of the Province of Canada,Public administration,Public administration,Public administration,Public administration,Public administration,Public administration,Public administration,Public administration,Public administration,Public administration,Public administration,Social,Public administration,Public administration,Public administration,Public administration,Real estate,Public administration,Public administration,Public administration,Public administration,Other,Public administration,Public administration,Public administration,Public administration,Public administration,Public administration,Public administration,Public administration,Public administration,Public administration,Public administration,Public administration,Public administration,Public administration,Public administration,Error,Public administration,Public administration,Public administration,Public administration,Public administration,Public administration,Public administration,Public administration,Public administration,Public administration,Public administration,Public administration,Public administration,Public administration,Public administration,Public administration,Public administration,Public administration
Darlinghurst Gaol,Public administration,Public administration,Public administration,Error,Public administration,Real estate,Error,Public administration,Public administration,Public administration,Public administration,Error,Public administration,Public administration,Error,Error,Real estate,Error,Public administration,Public administration,Real estate,Public administration,Other,Error,Public administration,Public administration,Error,Other,Public administration,Public administration,Public administration,Public administration,Error,Public administration,Public administration,Error,Public administration,Public administration,Public administration,Other,Public administration,Public administration,Public administration,Public administration,Error,Public administration,Public administration,Public administration,Public administration,Error,Public administration,Error,Other,Social,Public administration,Public administration
Cornell University School of Industrial and Labor Relations,Education,Education,Education,Education,Education,Education,Education,Education,Education,Education,Education,Education,Education,Education,Education,Education,Education,Education,Education,Education,Education,Education,Education,Education,Education,Education,Education,Education,Education,Education,Education,Education,Education,Education,Education,Education,Education,Education,Education,Education,Education,Education,Education,Education,Education,Education,Education,Education,Education,Education,Education,Education,Education,Education,Education,Education
NetApp,SciTech,SciTech,SciTech,SciTech,SciTech,Trade,SciTech,SciTech,SciTech,SciTech,SciTech,SciTech,SciTech,SciTech,SciTech,Other,SciTech,SciTech,SciTech,SciTech,Trade,SciTech,Trade,SciTech,SciTech,SciTech,SciTech,SciTech,SciTech,SciTech,SciTech,SciTech,SciTech,SciTech,SciTech,SciTech,Trade,SciTech,SciTech,SciTech,SciTech,SciTech,SciTech,SciTech,SciTech,Trade,SciTech,SciTech,SciTech,SciTech,SciTech,SciTech,SciTech,SciTech,SciTech,SciTech
Curry School of Education,Education,Education,Education,Education,Education,Education,Education,Education,Education,Education,Education,Education,Education,Education,Education,Education,Education,Education,Education,Education,Education,Education,Education,Education,Education,Education,Education,Education,Education,Education,Education,Education,Education,Education,Education,Education,Education,Education,Education,Education,Education,Education,Education,Education,Education,Education,Education,Education,Education,Education,Education,Education,Education,Education,Education,Education
Consumers Union,Social,Social,Social,Social,Social,Social,Social,Social,Social,SciTech,Social,Social,Social,Social,Other,Other,Public administration,Other,Social,Social,Social,Public administration,Social,Social,Social,Social,Other,Social,Social,Social,Social,Social,Health,Finance,SciTech,Error,Social,Other,Social,Public administration,Social,Social,Social,Social,Social,Social,Social,Error,Social,Social,Public administration,Social,Sports,Social,Social,Social
Minnesota Golden Gophers men's gymnastics,Sports,Sports,Sports,Sports,Sports,Sports,Sports,Sports,Error,Sports,Sports,Sports,Sports,Sports,Sports,Sports,Sports,Sports,Sports,Sports,Sports,Sports,Sports,Sports,Sports,Sports,Sports,Sports,Sports,Sports,Sports,Sports,Sports,Sports,Sports,Sports,Sports,Error,Education,Sports,Sports,Sports,Sports,Sports,Sports,Sports,Sports,Sports,Sports,Education,Education,Sports,Sports,Sports,Sports,Sports
Edgar Award,Error,Error,Error,Error,Social,Social,Error,Error,Error,Error,Entertainment,Education,Error,Error,Error,Error,Entertainment,Social,Error,Error,Social,Social,Other,Error,Social,Entertainment,Entertainment,Error,Error,Other,Entertainment,Entertainment,Error,Error,Error,Entertainment,Entertainment,Error,Error,Other,Entertainment,Error,Entertainment,Error,Error,Entertainment,Social,Error,Error,Error,Social,Error,Other,Entertainment,Social,Entertainment
V Hits,Entertainment,Entertainment,Entertainment,Entertainment,Entertainment,Entertainment,Entertainment,Entertainment,Entertainment,Entertainment,Entertainment,Entertainment,Entertainment,Entertainment,Entertainment,Entertainment,Entertainment,Entertainment,Entertainment,Entertainment,Entertainment,Entertainment,Entertainment,Entertainment,Entertainment,Entertainment,Entertainment,Entertainment,Entertainment,Entertainment,Entertainment,Entertainment,Entertainment,Error,Entertainment,Entertainment,Entertainment,Entertainment,Entertainment,Entertainment,Entertainment,Entertainment,Entertainment,Entertainment,Entertainment,Entertainment,Entertainment,Entertainment,Entertainment,Entertainment,Entertainment,Entertainment,Entertainment,Entertainment,Entertainment,Entertainment
Welsh Office,Public administration,Public administration,Public administration,Public administration,Public administration,Public administration,Public administration,Public administration,Public administration,Public administration,Public administration,Public administration,Public administration,Public administration,Public administration,Public administration,Public administration,Public administration,Public administration,Public administration,Public administration,Public administration,Public administration,Public administration,Public administration,Public administration,Public administration,Public administration,Public administration,Public administration,Public administration,Public administration,Public administration,Public administration,Public administration,Public administration,Public administration,Public administration,Public administration,Public administration,Public administration,Public administration,Public administration,Public administration,Public administration,Public administration,Public administration,Public administration,Public administration,Public administration,Other,Public administration,Public administration,Public administration,Public administration,Public administration
Tony Blair Faith Foundation,Social,Social,Social,Social,Social,Social,Social,Social,Social,Social,Social,Other,Social,Social,Social,Social,Social,Social,Social,Social,Finance,Social,Social,Public administration,Social,Social,Social,Social,Social,Social,Social,Social,Social,Social,Social,Social,Social,Social,Social,Social,Social,Social,Social,Social,Social,Social,Social,Social,Social,Finance,Social,Social,Finance,Social,Social,Social
St. Louis Cardinals all-time roster,Sports,Error,Sports,Sports,Sports,Sports,Sports,Error,Sports,Sports,Sports,Sports,Error,Sports,Sports,Sports,Sports,Sports,Sports,Sports,Sports,Sports,Sports,Sports,Sports,Sports,Sports,Sports,Sports,Sports,Error,Sports,Sports,Sports,Error,Sports,Sports,Sports,Sports,Error,Sports,Sports,Sports,Error,Sports,Sports,Sports,Sports,Sports,Sports,Sports,Sports,Sports,Sports,Sports,Sports
ITV Telethon,Error,Error,Entertainment,Social,Entertainment,Entertainment,Error,Error,Error,Entertainment,Entertainment,Entertainment,Error,Entertainment,Error,Entertainment,Social,Social,Error,Error,Social,Entertainment,Entertainment,Social,Error,Error,Social,Social,Entertainment,Entertainment,Entertainment,Entertainment,Social,Error,Error,Entertainment,Error,Error,Entertainment,Error,Social,Sports,Error,Error,Entertainment,Social,Social,Social,Error,Entertainment,Social,Error,Error,Social,Entertainment,Social
452d Air Mobility Wing,Public administration,Public administration,Public administration,Public administration,Public administration,Public administration,Public administration,Public administration,Error,Public administration,Public administration,Public administration,Public administration,Public administration,Public administration,Public administration,Public administration,Public administration,Public administration,Public administration,Public administration,Public administration,Error,Public administration,Public administration,Public administration,Public administration,Public administration,Public administration,Public administration,Public administration,Public administration,Other,Public administration,Public administration,Public administration,Public administration,Public administration,Public administration,Public administration,Public administration,Other,Public administration,Public administration,Public administration,Public administration,Other,Public administration,Public administration,Public administration,Public administration,Public administration,Public administration,Other,Public administration,Public administration
Modern Theatres,Entertainment,Entertainment,Entertainment,Entertainment,Entertainment,Entertainment,Entertainment,Entertainment,Entertainment,Entertainment,Entertainment,Entertainment,Entertainment,Entertainment,Entertainment,Entertainment,Entertainment,Entertainment,Entertainment,Entertainment,Entertainment,Entertainment,Entertainment,Entertainment,Entertainment,Entertainment,Entertainment,Entertainment,Entertainment,Entertainment,Entertainment,Entertainment,Entertainment,Entertainment,Entertainment,Entertainment,Entertainment,Entertainment,Entertainment,Entertainment,Entertainment,Entertainment,Entertainment,Entertainment,Entertainment,Entertainment,Entertainment,Entertainment,Entertainment,Entertainment,Entertainment,Entertainment,Entertainment,Entertainment,Entertainment,Entertainment
British Airways Flight 149,Error,Error,Transport,Error,Error,Transport,Error,Error,Error,Transport,Transport,Error,Error,Transport,Error,Error,Error,Error,Error,Error,Transport,Transport,Transport,Error,Error,Error,Error,Error,Error,Error,Error,Transport,Error,Error,Error,Transport,Error,Error,Error,Error,Error,Error,Error,Error,Error,Transport,Transport,Transport,Error,Transport,Public administration,Error,Transport,Transport,Transport,Trade
Benburb F.C.,Sports,Sports,Sports,Sports,Sports,Social,Sports,Sports,Sports,Sports,Sports,Sports,Sports,Social,Sports,Sports,Sports,Sports,Sports,Sports,Sports,Sports,Sports,Sports,Sports,Sports,Sports,Sports,Sports,Sports,Sports,Sports,Sports,Sports,Sports,Sports,Sports,Sports,Sports,Sports,Sports,Sports,Sports,Sports,Sports,Sports,Sports,Sports,Sports,Sports,Social,Sports,Sports,Sports,Sports,Sports
Royal Danish Academy of Fine Arts,Education,Sports,Education,Education,Education,Education,Education,Entertainment,Entertainment,Entertainment,Education,Entertainment,Education,Education,Education,Education,Education,Education,Education,Social,Education,Education,Education,Education,Entertainment,Education,Education,Entertainment,Education,Education,Education,Education,Education,Education,Education,Education,Education,Entertainment,Education,Education,Entertainment,Error,Education,Education,SciTech,Education,Education,Education,Education,Education,Education,Education,Education,Education,Education,Education
Lucy Parsons Center,Social,Social,Social,Social,Social,Real estate,Social,Social,Social,Social,Social,Social,Social,Social,Social,Social,Social,Social,Resources,Trade,Social,Social,Social,Social,Social,Social,Social,Social,Social,Social,Social,Hospitality,Social,Social,Social,Social,Social,Error,Social,Hospitality,Social,Social,Social,Social,Social,Social,Social,Social,Social,Social,Social,Public administration,Education,Social,Social,Social
11th Armoured Division (United Kingdom),Public administration,Public administration,Public administration,Public administration,Public administration,Public administration,Public administration,Public administration,Public administration,Public administration,Public administration,Other,Public administration,Other,Public administration,Public administration,Public administration,Error,Public administration,Public administration,Public administration,Public administration,Public administration,Public administration,Public administration,Public administration,Public administration,Public administration,Public administration,Public administration,Public administration,Public administration,Other,Public administration,Public administration,Public administration,Public administration,Public administration,Public administration,Public administration,Public administration,Other,Public administration,Public administration,Public administration,Public administration,Other,Public administration,Public administration,Public administration,Public administration,Public administration,Public administration,Other,Public administration,Public administration
Pacific Scandal,Error,Error,Error,Error,Error,Error,Error,Error,Error,Social,Error,Error,Error,Other,Error,Error,Error,Error,Error,Error,Error,Other,Error,Error,Error,Public administration,Error,Error,Error,Error,Error,Social,Error,Error,Error,Error,Error,Error,Social,Error,Error,Error,Error,Error,Error,Public administration,Public administration,Error,Error,Public administration,Public administration,Error,Error,Social,Other,Error
Nu Pagadi,Entertainment,Error,Entertainment,Entertainment,Entertainment,Entertainment,Entertainment,Entertainment,Entertainment,Entertainment,Entertainment,Entertainment,Entertainment,Entertainment,Entertainment,Entertainment,Entertainment,Entertainment,Entertainment,Entertainment,Entertainment,Entertainment,Entertainment,Entertainment,Entertainment,Entertainment,Entertainment,Entertainment,Entertainment,Entertainment,Entertainment,Entertainment,Entertainment,Entertainment,Entertainment,Entertainment,Entertainment,Entertainment,Entertainment,Entertainment,Entertainment,Entertainment,Entertainment,Entertainment,Entertainment,Entertainment,Entertainment,Entertainment,Entertainment,Entertainment,Entertainment,Entertainment,Entertainment,Entertainment,Entertainment,Entertainment
Vehicle registration plates of the Northern Mariana Islands,Error,Error,Error,Error,Error,Error,Transport,Error,Error,Public administration,Error,Error,Error,Error,Error,Error,Public administration,Error,Error,Error,Error,Public administration,Error,Error,Error,Transport,Error,Error,Error,Error,Error,Public administration,Error,Error,Error,Error,Error,Error,Error,Error,Error,Error,Error,Error,Error,Transport,Public administration,Public administration,Error,Public administration,Public administration,Error,Public administration,Social,Public administration,Error
Dragonette,Entertainment,Entertainment,Entertainment,Entertainment,Entertainment,Entertainment,Entertainment,Entertainment,Entertainment,Entertainment,Entertainment,Entertainment,Entertainment,Entertainment,Entertainment,Entertainment,Entertainment,Entertainment,Entertainment,Entertainment,Entertainment,Entertainment,Entertainment,Entertainment,Entertainment,Entertainment,Entertainment,Entertainment,Entertainment,Entertainment,Entertainment,Entertainment,Entertainment,Entertainment,Entertainment,Entertainment,Entertainment,Entertainment,Entertainment,Entertainment,Entertainment,Entertainment,Entertainment,Entertainment,Entertainment,Entertainment,Entertainment,Entertainment,Entertainment,Entertainment,Entertainment,Entertainment,Entertainment,Entertainment,Entertainment,Entertainment
Japanese Northern China Area Army,Public administration,Error,Public administration,Public administration,Public administration,Public administration,Public administration,Public administration,Public administration,Public administration,Public administration,Error,Public administration,Public administration,Public administration,Other,Public administration,Error,Public administration,Public administration,Public administration,Public administration,Public administration,Public administration,Public administration,Public administration,Public administration,Public administration,Public administration,Public administration,Public administration,Public administration,Other,Public administration,Public administration,Public administration,Public administration,Public administration,Public administration,Public administration,Public administration,Other,Public administration,Public administration,Public administration,Public administration,Other,Public administration,Public administration,Public administration,Public administration,Public administration,Other,Social,Public administration,Public administration
Goa liberation movement,Error,Error,Error,Social,Social,Error,Error,Error,Error,Social,Error,Social,Social,Social,Error,Other,Error,Error,Error,Error,Social,Social,Social,Error,Social,Social,Error,Social,Error,Error,Error,Social,Social,Error,Social,Error,Social,Error,Public administration,Error,Social,Error,Social,Social,Other,Social,Social,Error,Error,Social,Social,Error,Error,Social,Social,Error
Zachęta,Entertainment,Social,Entertainment,Entertainment,Entertainment,Education,Other,Entertainment,Entertainment,Entertainment,Entertainment,Entertainment,Entertainment,Entertainment,Entertainment,Entertainment,Social,Entertainment,Resources,Entertainment,Real estate,Entertainment,Social,Entertainment,Social,Entertainment,Social,Entertainment,Social,Entertainment,Entertainment,Entertainment,Other,Entertainment,Entertainment,Entertainment,Entertainment,Entertainment,Entertainment,Entertainment,Entertainment,Entertainment,Entertainment,Entertainment,Entertainment,Entertainment,Social,Entertainment,Entertainment,Entertainment,Entertainment,Entertainment,Entertainment,Social,Entertainment,Entertainment
Anglican Church of Canada,Social,Social,Social,Social,Social,Real estate,Social,Social,Social,Social,Social,Real estate,Social,Social,Social,Social,Social,Social,Social,Social,Social,Social,Social,Social,Social,Social,Social,Social,Social,Social,Social,Public administration,Other,Error,Error,Social,Social,Social,Social,Social,Social,Social,Social,Social,Social,Social,Social,Social,Social,Social,Social,Social,Social,Real estate,Social,Social
WTCT,Entertainment,Entertainment,Entertainment,Entertainment,Entertainment,Entertainment,Entertainment,Education,Entertainment,Entertainment,Entertainment,Entertainment,Entertainment,Entertainment,Entertainment,Entertainment,Entertainment,Entertainment,Entertainment,Entertainment,Entertainment,Entertainment,Entertainment,Social,Entertainment,Entertainment,Entertainment,Entertainment,Entertainment,Public administration,Entertainment,Entertainment,Entertainment,Entertainment,Entertainment,Entertainment,Entertainment,Entertainment,Entertainment,Entertainment,Entertainment,Entertainment,Entertainment,Entertainment,Entertainment,Entertainment,Entertainment,Entertainment,Entertainment,Entertainment,Public administration,Entertainment,Entertainment,Entertainment,Entertainment,Entertainment
KSUE,Entertainment,Entertainment,Entertainment,Entertainment,Entertainment,Entertainment,Entertainment,Education,Entertainment,Entertainment,Entertainment,Entertainment,Entertainment,Entertainment,Entertainment,Entertainment,Entertainment,Entertainment,Entertainment,Entertainment,Entertainment,Entertainment,Entertainment,Entertainment,Entertainment,Entertainment,Entertainment,Entertainment,Entertainment,Public administration,Entertainment,Entertainment,Entertainment,Entertainment,Entertainment,Entertainment,Entertainment,Entertainment,Entertainment,Entertainment,Entertainment,Entertainment,Entertainment,Entertainment,Entertainment,Entertainment,Entertainment,Entertainment,Entertainment,Entertainment,Public administration,Entertainment,Entertainment,Entertainment,Entertainment,Entertainment
1954 Wisconsin Badgers football team,Sports,Error,Sports,Error,Sports,Sports,Sports,Sports,Sports,Sports,Sports,Sports,Sports,Sports,Sports,Sports,Sports,Sports,Sports,Sports,Sports,Sports,Sports,Sports,Sports,Sports,Sports,Sports,Sports,Sports,Sports,Sports,Sports,Sports,Sports,Sports,Sports,Sports,Sports,Sports,Sports,Sports,Sports,Sports,Sports,Sports,Sports,Sports,Sports,Sports,Sports,Sports,Sports,Sports,Sports,Sports
South London Gallery,Entertainment,Social,Entertainment,Entertainment,Entertainment,Real estate,Other,Entertainment,Entertainment,Entertainment,Entertainment,Entertainment,Entertainment,Entertainment,Entertainment,Other,Social,Entertainment,Resources,Entertainment,Real estate,Entertainment,Entertainment,Entertainment,Entertainment,Entertainment,Social,Entertainment,Education,Entertainment,Entertainment,Entertainment,Other,Entertainment,Error,Entertainment,Entertainment,Entertainment,Entertainment,Entertainment,Entertainment,Entertainment,Entertainment,Entertainment,Entertainment,Entertainment,Social,Entertainment,Entertainment,Entertainment,Entertainment,Entertainment,Entertainment,Real estate,Entertainment,Entertainment
University of Toronto Campus Community Police Service,Public administration,Public administration,Education,Public administration,Public administration,Education,Public administration,Education,Education,Education,Public administration,Education,Public administration,Public administration,Other,Education,Social,Public administration,Social,Education,Social,Public administration,Education,Public administration,Public administration,Education,Public administration,Education,Public administration,Education,Public administration,Public administration,Public administration,Public administration,Public administration,Public administration,Public administration,Education,Education,Public administration,Public administration,Education,Public administration,Public administration,Public administration,Education,Public administration,Public administration,Error,Education,Education,Public administration,Social,Real estate,Education,Public administration
Médaille commémorative de l'expédition de Chine (1901),Error,Error,Error,Error,Public administration,Error,Error,Error,Error,Error,Error,Error,Error,Error,Error,Error,Error,Error,Error,Error,Error,Other,Other,Error,Error,Error,Public administration,Error,Public administration,Error,Error,Public administration,Error,Error,Error,Error,Error,Error,Error,Error,Error,Error,Error,Error,Sports,Error,Social,Public administration,Error,Error,Other,Error,Other,Error,Other,Error
Société Bic,Trade,Trade,Trade,Trade,Trade,Trade,Trade,Trade,Trade,Trade,Trade,Trade,Trade,SciTech,Trade,Trade,Trade,Trade,Trade,Trade,Trade,Trade,Trade,Trade,Trade,Trade,Trade,Trade,Trade,Trade,Trade,Trade,Trade,Trade,Trade,Trade,Trade,SciTech,Trade,Trade,Trade,Trade,Trade,Trade,Trade,Trade,Trade,Trade,Trade,Trade,Trade,Trade,Trade,Finance,Trade,Trade
C.D. Municipal Limeño,Sports,Sports,Sports,Sports,Sports,Social,Sports,Sports,Sports,Sports,Sports,Sports,Sports,Social,Sports,Sports,Sports,Sports,Sports,Sports,Sports,Sports,Sports,Sports,Entertainment,Sports,Sports,Sports,Sports,Sports,Sports,Sports,Sports,Sports,Sports,Sports,Sports,Sports,Sports,Sports,Sports,Sports,Sports,Sports,Sports,Sports,Sports,Sports,Sports,Sports,Social,Entertainment,Sports,Sports,Sports,Sports
KCCY,Entertainment,Entertainment,Entertainment,Entertainment,Entertainment,Entertainment,Entertainment,Education,Entertainment,Entertainment,Entertainment,Entertainment,Entertainment,Entertainment,Entertainment,Entertainment,Entertainment,Entertainment,Entertainment,Entertainment,Entertainment,Entertainment,Entertainment,Entertainment,Entertainment,Entertainment,Entertainment,Entertainment,Entertainment,Entertainment,Entertainment,Entertainment,Entertainment,Entertainment,Entertainment,Entertainment,Entertainment,Entertainment,Entertainment,Entertainment,Entertainment,Entertainment,Entertainment,Entertainment,Entertainment,Entertainment,Entertainment,Entertainment,Entertainment,Entertainment,Public administration,Entertainment,Entertainment,Entertainment,Entertainment,Entertainment
Football in Argentina,Error,Error,Entertainment,Error,Error,Sports,Sports,Error,Error,Sports,Sports,Sports,Error,Error,Error,Error,Error,Sports,Error,Error,Sports,Sports,Sports,Error,Sports,Sports,Error,Error,Sports,Error,Error,Sports,Sports,Error,Error,Sports,Error,Error,Sports,Error,Sports,Error,Error,Error,Error,Sports,Sports,Sports,Error,Sports,Sports,Error,Sports,Sports,Sports,Error
Puget Sound Adventist Academy,Education,Education,Education,Education,Entertainment,Education,Education,Education,Education,Education,Education,Education,Education,Education,Education,Education,Education,Education,Education,Education,Education,Education,Education,Education,Social,Education,Education,Education,Education,Education,Education,Education,Education,Education,Education,Education,Education,Education,Education,Education,Education,Sports,Education,Education,Education,Education,Education,Education,Education,Education,Education,Education,Education,Education,Education,Education
Culver's,Hospitality,Social,Hospitality,Hospitality,Hospitality,Trade,Hospitality,Hospitality,Hospitality,Hospitality,Hospitality,Hospitality,Hospitality,Hospitality,Hospitality,Hospitality,Hospitality,Hospitality,Hospitality,Hospitality,Hospitality,Hospitality,Trade,Hospitality,Hospitality,Hospitality,Hospitality,Hospitality,Hospitality,Trade,Hospitality,Hospitality,Hospitality,Hospitality,Hospitality,Hospitality,Hospitality,Hospitality,Trade,Hospitality,Hospitality,Other,Hospitality,Hospitality,Hospitality,Trade,Hospitality,Hospitality,Hospitality,Hospitality,Trade,Hospitality,Hospitality,Trade,Hospitality,Hospitality
Air Transport Auxiliary,Transport,Trade,Transport,Trade,Transport,Transport,Public administration,Transport,Trade,Trade,Trade,Public administration,Transport,Transport,Public administration,Transport,Transport,Error,Transport,Transport,Transport,Transport,Transport,Public administration,Transport,Transport,Transport,Social,Transport,Public administration,Public administration,Public administration,Other,Trade,Trade,Transport,Public administration,Public administration,Transport,Transport,Transport,Other,Transport,Public administration,Trade,Transport,Public administration,Transport,Trade,Transport,Transport,Public administration,Social,Transport,Transport,Transport
Institute of Financial Accountants,Finance,Finance,Finance,Finance,Social,Social,Finance,Social,Social,Finance,Social,Education,Social,Finance,Finance,Finance,Finance,Social,Finance,Finance,Finance,Finance,Education,Public administration,Education,Finance,Finance,Finance,Finance,Finance,Social,Finance,Finance,Finance,Finance,Finance,Finance,Finance,Finance,Finance,Finance,Finance,Finance,Social,Finance,Finance,Public administration,Finance,Finance,Finance,Finance,Social,Social,Finance,Finance,Social
West Virginia Northern Community College,Education,Education,Education,Education,Education,Education,Education,Education,Education,Education,Education,Education,Education,Education,Education,Education,Education,Education,Education,Education,Education,Education,Social,Public administration,Education,Education,Education,Education,Education,Education,Education,Education,Education,Education,Education,Education,Education,Education,Education,Education,Education,Education,Education,Education,Education,Education,Education,Education,Education,Education,Education,Education,Education,Education,Education,Education
Southern Illinois Salukis football,Sports,Entertainment,Sports,Sports,Sports,Sports,Sports,Sports,Sports,Sports,Sports,Sports,Sports,Sports,Sports,Sports,Sports,Sports,Sports,Sports,Sports,Sports,Sports,Sports,Sports,Sports,Sports,Sports,Sports,Sports,Sports,Sports,Sports,Sports,Sports,Sports,Sports,Sports,Sports,Sports,Sports,Sports,Sports,Sports,Sports,Sports,Sports,Sports,Sports,Sports,Sports,Sports,Sports,Sports,Sports,Sports
National Iranian Petrochemical Company,Resources,Trade,Resources,Public administration,Resources,Trade,Resources,Resources,Trade,Resources,Resources,Trade,Resources,Public administration,Resources,Resources,Resources,Resources,Trade,Resources,Resources,Resources,Trade,Public administration,Public administration,Trade,Resources,Trade,Resources,Public administration,Trade,Trade,Trade,Trade,Trade,Resources,Trade,Public administration,Trade,Resources,Resources,Social,Resources,Resources,Trade,Public administration,SciTech,Resources,Trade,Resources,Public administration,Public administration,Resources,Finance,Resources,Resources
Manado United,Sports,Sports,Sports,Sports,Sports,Social,Sports,Sports,Sports,Sports,Sports,Sports,Sports,Sports,Sports,Sports,Sports,Sports,Sports,Sports,Sports,Sports,Sports,Sports,Sports,Sports,Sports,Sports,Sports,Sports,Sports,Sports,Sports,Sports,Sports,Sports,Sports,Sports,Sports,Sports,Sports,Sports,Sports,Sports,Sports,Sports,Sports,Sports,Sports,Sports,Social,Sports,Sports,Sports,Sports,Sports
Edinburgh Eagles (ice hockey),Sports,Sports,Sports,Sports,Sports,Sports,Sports,Sports,Sports,Sports,Sports,Sports,Sports,Sports,Sports,Sports,Sports,Sports,Sports,Sports,Sports,Sports,Sports,Sports,Sports,Sports,Sports,Sports,Sports,Sports,Sports,Sports,Sports,Sports,Sports,Sports,Sports,Sports,Sports,Sports,Sports,Sports,Sports,Sports,Sports,Sports,Sports,Sports,Sports,Education,Education,Sports,Sports,Sports,Sports,Sports
Camillians,Social,Error,Social,Social,Social,Social,Social,Social,Social,Social,Social,Social,Social,Social,Social,Error,Social,Social,Social,Social,Social,Social,Social,Social,Social,Social,Social,Social,Social,Public administration,Social,Health,Social,Social,Social,Social,Social,Other,Social,Social,Social,Social,Social,Social,Social,Social,Social,Social,Social,Social,Social,Error,Social,Social,Social,Social
Waffen-SS,Public administration,Public administration,Public administration,Public administration,Public administration,Error,Public administration,Public administration,Public administration,Social,Public administration,Error,Public administration,Public administration,Public administration,Public administration,Public administration,Error,Social,Public administration,Public administration,Public administration,Public administration,Public administration,Public administration,Public administration,Public administration,Public administration,Public administration,Public administration,Public administration,Public administration,Other,Public administration,Public administration,Public administration,Public administration,Public administration,Public administration,Public administration,Public administration,Other,Public administration,Public administration,Public administration,Public administration,Other,Public administration,Public administration,Public administration,Public administration,Public administration,Public administration,Other,Public administration,Public administration
Bohemia Visual Music,Entertainment,Entertainment,Entertainment,Entertainment,Entertainment,Entertainment,Entertainment,Entertainment,Error,Entertainment,Entertainment,Entertainment,Entertainment,SciTech,Entertainment,Entertainment,Entertainment,Entertainment,Entertainment,Entertainment,Entertainment,Entertainment,Entertainment,Entertainment,Entertainment,Entertainment,Entertainment,Entertainment,Entertainment,Entertainment,Entertainment,Entertainment,Entertainment,Error,Error,Entertainment,Social,Entertainment,Entertainment,Entertainment,Entertainment,Entertainment,Entertainment,Entertainment,Entertainment,Entertainment,Entertainment,Entertainment,Entertainment,Entertainment,Entertainment,Entertainment,Entertainment,Entertainment,Entertainment,Entertainment
Colgate Rochester Crozer Divinity School,Education,Education,Education,Education,Education,Education,Education,Education,Education,Education,Education,Education,Education,Social,Education,Entertainment,Education,Education,Education,Education,Education,Education,Social,Education,Education,Education,Education,Education,Education,Education,Education,Education,Education,Education,Education,Education,Education,Education,Education,Education,Education,Education,Education,Education,Education,Education,Education,Education,Education,Education,Education,Education,Education,Education,Education,Education
Jeannette Athletic Club,Sports,Sports,Sports,Sports,Sports,Social,Sports,Sports,Sports,Sports,Sports,Sports,Sports,Sports,Sports,Sports,Sports,Sports,Sports,Sports,Sports,Sports,Sports,Social,Sports,Sports,Sports,Sports,Sports,Sports,Sports,Sports,Sports,Sports,Sports,Sports,Sports,Sports,Sports,Sports,Sports,Sports,Sports,Sports,Sports,Sports,Sports,Sports,Sports,Sports,Social,Sports,Sports,Sports,Sports,Sports
The Calgary Highlanders,Public administration,Public administration,Public administration,Public administration,Public administration,Public administration,Public administration,Public administration,Public administration,Public administration,Public administration,Error,Public administration,Other,Public administration,Public administration,Public administration,Public administration,Public administration,Public administration,Public administration,Public administration,Public administration,Public administration,Public administration,Public administration,Public administration,Public administration,Public administration,Public administration,Public administration,Public administration,Other,Public administration,Public administration,Public administration,Public administration,Public administration,Public administration,Public administration,Public administration,Other,Public administration,Public administration,Public administration,Public administration,Public administration,Public administration,Public administration,Public administration,Public administration,Public administration,Public administration,Other,Public administration,Public administration
Office of Economic Adjustment,Public administration,Public administration,Social,Public administration,Finance,Public administration,Public administration,Public administration,Public administration,Public administration,Public administration,Public administration,Public administration,Social,Public administration,Public administration,Public administration,Public administration,Public administration,Public administration,Public administration,Public administration,Other,Public administration,Public administration,Public administration,Public administration,Public administration,Public administration,Finance,Public administration,Public administration,Finance,Public administration,Public administration,Public administration,Public administration,Public administration,Public administration,Public administration,Social,Other,Public administration,Public administration,Public administration,Finance,Public administration,Public administration,Public administration,Public administration,Public administration,Public administration,Public administration,Trade,Public administration,Finance
Pinellas County Schools,Education,Education,Education,Error,Education,Education,Education,Education,Education,Education,Education,Education,Education,Error,Error,Error,Education,Education,Education,Education,Education,Education,Education,Entertainment,Education,Education,Education,Other,Education,Education,Education,Education,Education,Education,Education,Education,Error,Education,Education,Education,Education,Education,Education,Public administration,Education,Education,Education,Education,Education,Education,Education,Education,Education,Education,Education,Education
VVA-Podmoskovye Monino,Sports,Sports,Sports,Sports,Sports,Social,Sports,Sports,Sports,Sports,Sports,Sports,Sports,Sports,Sports,Sports,Sports,Sports,Sports,Sports,Sports,Sports,Sports,Sports,Sports,Sports,Sports,Sports,Sports,Sports,Sports,Sports,Sports,Sports,Sports,Sports,Sports,Sports,Sports,Sports,Sports,Sports,Sports,Sports,Sports,Sports,Sports,Sports,Sports,Sports,Sports,Sports,Sports,Sports,Sports,Sports
Leeds General Infirmary,Health,Health,Health,Health,Health,Hospitality,Public administration,Health,Health,Health,Health,Error,Health,Health,Health,Education,Health,Health,Education,Health,Health,Health,Education,Education,Education,Hospitality,Education,Health,Education,Education,Health,Health,Health,Health,Health,Health,Health,Health,Health,Education,Education,Hospitality,Health,Health,Health,Health,Education,Education,Health,Health,Hospitality,Social,Education,Education,Health,Education
The Dillinger Escape Plan,Entertainment,Error,Entertainment,Entertainment,Education,Public administration,Entertainment,Entertainment,Entertainment,Entertainment,Entertainment,Entertainment,Entertainment,Entertainment,Error,Entertainment,Entertainment,Entertainment,Entertainment,Entertainment,Entertainment,Entertainment,Entertainment,Error,Entertainment,Entertainment,Entertainment,Entertainment,Entertainment,Entertainment,Entertainment,Entertainment,Entertainment,Entertainment,Entertainment,Entertainment,Entertainment,Entertainment,Entertainment,Entertainment,Entertainment,Entertainment,Entertainment,Entertainment,Entertainment,Entertainment,Entertainment,Entertainment,Entertainment,Entertainment,Entertainment,Entertainment,Entertainment,Entertainment,Entertainment,Entertainment
Vidyasagar Evening College,Education,Education,Education,Education,Education,Education,Education,Education,Education,Education,Education,Education,Education,Education,Education,Education,Education,Education,Education,Education,Education,Education,Education,Education,Education,Education,Education,Education,Education,Education,Education,Education,Education,Education,Education,Education,Education,Education,Education,Education,Education,Education,Education,Education,Education,Education,Education,Education,Education,Education,Education,Education,Education,Education,Education,Education
London Buses route 258,Error,Error,Transport,Error,Transport,Transport,Error,Error,Error,Transport,Transport,Public administration,Error,Error,Error,Error,Transport,Transport,Error,Error,Transport,Transport,Transport,Error,Error,Transport,Error,Transport,Error,Error,Error,Transport,Error,Error,Error,Transport,Transport,Error,Error,Error,Error,Transport,Error,Error,Transport,Transport,Public administration,Transport,Error,Transport,Transport,Error,Transport,Transport,Transport,Transport
Royal Naval Reserve,Public administration,Public administration,Social,Public administration,Public administration,Public administration,Public administration,Public administration,Social,Social,Public administration,Public administration,Public administration,Social,Public administration,Public administration,Social,Public administration,Social,Public administration,Public administration,Social,Social,Public administration,Social,Public administration,Public administration,Public administration,Public administration,Social,Public administration,Public administration,Other,Public administration,Public administration,Public administration,Public administration,Public administration,Public administration,Public administration,Public administration,Resources,Public administration,Public administration,Social,Public administration,Public administration,Public administration,Public administration,Public administration,Public administration,Social,Public administration,Other,Social,Public administration
Church's Chicken,Hospitality,Trade,Hospitality,Hospitality,Hospitality,Trade,Hospitality,Hospitality,Trade,Hospitality,Hospitality,Hospitality,Hospitality,Hospitality,Hospitality,Hospitality,Hospitality,Hospitality,Hospitality,Hospitality,Hospitality,Hospitality,Trade,Hospitality,Hospitality,Hospitality,Hospitality,Hospitality,Hospitality,Trade,Hospitality,Hospitality,Hospitality,Hospitality,Hospitality,Hospitality,Hospitality,Hospitality,Hospitality,Hospitality,Hospitality,Other,Hospitality,Hospitality,Hospitality,Hospitality,Hospitality,Hospitality,Hospitality,Social,Trade,Hospitality,Hospitality,Trade,Hospitality,Hospitality
School District 57 Prince George,Education,Education,Education,Error,Error,Real estate,Error,Education,Error,Education,Education,Education,Education,Error,Error,Error,Education,Error,Error,Education,Education,Other,Education,Error,Education,Education,Education,Other,Education,Error,Education,Public administration,Education,Error,Education,Education,Error,Error,Education,Education,Error,Error,Education,Public administration,Error,Education,Education,Education,Error,Education,Education,Error,Error,Social,Other,Error
German Aerospace Center,SciTech,SciTech,Public administration,SciTech,SciTech,Real estate,SciTech,SciTech,SciTech,SciTech,SciTech,Public administration,SciTech,SciTech,SciTech,SciTech,Other,SciTech,SciTech,Error,SciTech,SciTech,SciTech,SciTech,SciTech,SciTech,SciTech,SciTech,SciTech,SciTech,SciTech,SciTech,SciTech,SciTech,SciTech,SciTech,SciTech,Public administration,SciTech,SciTech,SciTech,SciTech,Transport,SciTech,SciTech,Resources,SciTech,SciTech,SciTech,SciTech,Resources,Public administration,SciTech,Transport,SciTech,SciTech
One O'Clock Lab Band,Entertainment,Entertainment,Entertainment,Entertainment,Education,Entertainment,Entertainment,Entertainment,Entertainment,Entertainment,Entertainment,Entertainment,Entertainment,Entertainment,Entertainment,Entertainment,Entertainment,Entertainment,Education,Entertainment,Entertainment,Entertainment,Entertainment,Entertainment,Entertainment,Entertainment,Entertainment,Entertainment,Entertainment,Entertainment,Entertainment,Entertainment,Entertainment,Entertainment,Entertainment,Entertainment,Entertainment,Entertainment,Entertainment,Entertainment,Entertainment,Entertainment,Entertainment,Entertainment,Entertainment,Entertainment,Entertainment,Entertainment,Entertainment,Education,Entertainment,Entertainment,Entertainment,Entertainment,Entertainment,Entertainment
Extremity Games,Sports,Error,Sports,Entertainment,Sports,Sports,Error,SciTech,Sports,Sports,Sports,Sports,Sports,Other,Sports,Social,Sports,Sports,Error,Sports,Sports,Entertainment,Sports,Error,Sports,Sports,Sports,Sports,Sports,Sports,Error,Sports,Sports,Error,Error,Sports,Sports,Error,Sports,Entertainment,Sports,Sports,Sports,Sports,Sports,Sports,Sports,Sports,Error,Sports,Entertainment,Error,Entertainment,Sports,Entertainment,Sports
SaferNet,Social,Social,Public administration,Public administration,Social,Social,SciTech,Public administration,Public administration,Social,Social,Social,Public administration,Social,Social,Public administration,Other,Public administration,Social,Social,SciTech,Error,Social,Social,Social,Public administration,Social,SciTech,SciTech,Social,Other,Public administration,Public administration,Social,Social,SciTech,Social,Public administration,Social,Public administration,Public administration,SciTech,Public administration,Social,Social,Social,Public administration,Error,Social,Public administration,Social,Social,Social,Other,Error,Social
Trinidad and Tobago national rugby union team (sevens),Sports,Sports,Sports,Error,Sports,Sports,Sports,Sports,Sports,Sports,Sports,Sports,Sports,Sports,Sports,Sports,Sports,Sports,Sports,Sports,Sports,Sports,Sports,Social,Sports,Sports,Sports,Sports,Sports,Sports,Sports,Sports,Sports,Sports,Sports,Sports,Sports,Error,Sports,Sports,Sports,Sports,Sports,Sports,Sports,Sports,Sports,Sports,Sports,Sports,Sports,Sports,Sports,Sports,Sports,Sports
Jaeger-LeCoultre,Trade,Trade,Trade,Trade,Trade,Trade,Trade,Trade,Trade,Trade,Trade,Trade,Trade,SciTech,Trade,Trade,Trade,Trade,Trade,Trade,Trade,Trade,Trade,Trade,Trade,Trade,Trade,Trade,Trade,Trade,Trade,Trade,Trade,Trade,Trade,Trade,Trade,Other,Trade,Trade,Trade,SciTech,Trade,Trade,Trade,Trade,SciTech,Trade,Trade,Trade,Trade,Trade,Trade,Trade,Trade,Trade
McGill-Queen's University Press,Education,Other,Education,Education,Trade,Other,Trade,Education,Entertainment,Education,Education,Education,Education,Error,Entertainment,Education,Education,Education,Resources,Trade,Entertainment,Education,Other,Social,Social,Social,Trade,Education,Trade,Education,Trade,Education,SciTech,Education,SciTech,Entertainment,Education,Social,Trade,SciTech,Education,Education,Trade,Trade,Entertainment,Education,Trade,Other,Trade,Education,Education,Education,Education,Education,Education,Education
United Western Recorders,Entertainment,Entertainment,Entertainment,Entertainment,Entertainment,Entertainment,Entertainment,Entertainment,Entertainment,Entertainment,Entertainment,Entertainment,Entertainment,Other,Entertainment,Entertainment,Real estate,Entertainment,Entertainment,SciTech,Entertainment,Entertainment,Entertainment,Entertainment,Entertainment,Entertainment,Entertainment,Entertainment,Entertainment,Entertainment,Entertainment,Entertainment,Sports,Entertainment,Entertainment,Entertainment,Entertainment,Entertainment,Entertainment,Entertainment,Entertainment,Entertainment,Entertainment,Entertainment,Entertainment,Entertainment,Entertainment,Entertainment,Entertainment,Entertainment,Entertainment,Entertainment,Entertainment,Entertainment,Entertainment,Entertainment
FX Canada,Entertainment,Entertainment,Entertainment,Entertainment,Entertainment,Entertainment,Entertainment,Entertainment,Entertainment,Entertainment,Entertainment,Entertainment,Entertainment,Entertainment,Entertainment,Entertainment,Entertainment,Entertainment,Entertainment,Entertainment,Entertainment,Entertainment,Entertainment,Entertainment,Education,Entertainment,Entertainment,Entertainment,Entertainment,Entertainment,Entertainment,Entertainment,Entertainment,Error,Error,Entertainment,Entertainment,Entertainment,Entertainment,Entertainment,Entertainment,Entertainment,Entertainment,Entertainment,Entertainment,Entertainment,Entertainment,Entertainment,Entertainment,Entertainment,Public administration,Entertainment,Entertainment,Entertainment,Entertainment,Entertainment
Adjutant General of Oklahoma,Error,Error,Error,Error,Error,Error,Error,Error,Public administration,Error,Error,Public administration,Error,Error,Error,Error,Error,Error,Error,Error,Error,Public administration,Public administration,Public administration,Error,Public administration,Public administration,Public administration,Public administration,Error,Error,Public administration,Error,Public administration,Error,Error,Error,Public administration,Public administration,Public administration,Public administration,Other,Error,Public administration,Error,Public administration,Other,Public administration,Error,Public administration,Public administration,Error,Public administration,Public administration,Public administration,Public administration
WRTC-FM,Entertainment,Entertainment,Entertainment,Entertainment,Entertainment,Entertainment,Entertainment,Entertainment,Entertainment,Entertainment,Entertainment,Entertainment,Entertainment,Entertainment,Entertainment,Entertainment,Entertainment,Entertainment,Entertainment,Entertainment,Entertainment,Entertainment,Entertainment,Entertainment,Entertainment,Entertainment,Entertainment,Entertainment,Entertainment,Entertainment,Entertainment,Entertainment,Entertainment,Entertainment,Entertainment,Entertainment,Entertainment,Entertainment,Entertainment,Entertainment,Entertainment,Entertainment,Entertainment,Entertainment,Entertainment,Entertainment,Entertainment,Entertainment,Entertainment,Entertainment,Public administration,Entertainment,Entertainment,Entertainment,Entertainment,Entertainment
HMAS Harman,Public administration,Public administration,Public administration,Transport,Public administration,Public administration,Public administration,Public administration,SciTech,Public administration,Public administration,Public administration,Public administration,Public administration,Error,Other,Public administration,Public administration,Error,Public administration,Public administration,Public administration,Trade,Public administration,Public administration,Public administration,Public administration,Public administration,Public administration,Public administration,Public administration,Public administration,Other,Public administration,Public administration,Public administration,Public administration,Public administration,Public administration,Public administration,Public administration,Transport,Public administration,Public administration,Transport,Public administration,Other,Public administration,Public administration,Trade,Trade,Social,Public administration,Trade,Public administration,Public administration
Secretary General of UNASUR,Error,Error,Error,Error,Error,Public administration,Error,Error,Public administration,Public administration,Error,Public administration,Error,Error,Error,Error,Error,Error,Public administration,Error,Error,Error,Public administration,Public administration,Public administration,Public administration,Public administration,Public administration,Error,Public administration,Error,Social,Error,Social,Error,Error,Error,Public administration,Public administration,Public administration,Public administration,Public administration,Error,Public administration,Error,Public administration,Social,Public administration,Error,Error,Error,Public administration,Public administration,Public administration,Error,Public administration
RAF Coltishall,Public administration,Public administration,Public administration,Error,Public administration,Public administration,Error,Public administration,Public administration,Public administration,Public administration,Error,Public administration,Error,Error,Real estate,Real estate,Error,Public administration,Public administration,Public administration,Public administration,Transport,Error,Public administration,Public administration,Public administration,Public administration,Error,Public administration,Public administration,Public administration,Error,Public administration,Error,Public administration,Public administration,Public administration,Public administration,Public administration,Public administration,Other,Public administration,Public administration,Public administration,Public administration,Other,Public administration,Error,Error,Error,Public administration,Public administration,Other,Public administration,Public administration
Derbi,Trade,Trade,Trade,Trade,Trade,Trade,Trade,Transport,Trade,Trade,Trade,Trade,Trade,Trade,Trade,Trade,Trade,Trade,Trade,Trade,Transport,Trade,Trade,Trade,Trade,Trade,Trade,Trade,Trade,Trade,Trade,Trade,Transport,Trade,Trade,Transport,Trade,SciTech,Trade,Trade,Trade,SciTech,Trade,Trade,Trade,Trade,SciTech,Trade,Trade,Trade,Trade,Trade,Transport,Trade,Trade,Trade
WWEG,Entertainment,Entertainment,Entertainment,Entertainment,Entertainment,Entertainment,Entertainment,Entertainment,Entertainment,Entertainment,Entertainment,Entertainment,Entertainment,Entertainment,Entertainment,Entertainment,Entertainment,Entertainment,Entertainment,Entertainment,Entertainment,Entertainment,Entertainment,Entertainment,Entertainment,Entertainment,Entertainment,Entertainment,Entertainment,Entertainment,Entertainment,Entertainment,Entertainment,Entertainment,Entertainment,Entertainment,Entertainment,Entertainment,Entertainment,Entertainment,Entertainment,Entertainment,Entertainment,Entertainment,Entertainment,Entertainment,Entertainment,Entertainment,Entertainment,Entertainment,Entertainment,Entertainment,Entertainment,Entertainment,Entertainment,Entertainment
Sport in Cardiff,Error,Error,Sports,Error,Error,Social,Sports,Error,Error,Sports,Error,Sports,Error,Error,Error,Error,Error,Sports,Error,Error,Sports,Social,Sports,Error,Sports,Sports,Error,Error,Error,Sports,Error,Sports,Sports,Sports,Sports,Sports,Error,Error,Sports,Error,Error,Error,Error,Error,Sports,Trade,Sports,Real estate,Error,Sports,Sports,Error,Error,Sports,Social,Error
Great Lakes Airlines,Transport,Transport,Transport,Transport,Transport,Transport,Transport,Transport,Error,Transport,Transport,Trade,Transport,Transport,Transport,Transport,Transport,Transport,Transport,Transport,Transport,Transport,Trade,Transport,Transport,Transport,Transport,Transport,Transport,Trade,Transport,Transport,Transport,Transport,Transport,Transport,Transport,Transport,Transport,Transport,Transport,Transport,Transport,Transport,Transport,Transport,Transport,Transport,Transport,Transport,Transport,Transport,Transport,Transport,Transport,Transport
KLBF,Entertainment,Entertainment,Entertainment,Entertainment,Entertainment,Entertainment,Entertainment,Entertainment,Entertainment,Entertainment,Entertainment,Entertainment,Entertainment,Entertainment,Entertainment,Entertainment,Entertainment,Entertainment,Entertainment,Entertainment,Entertainment,Entertainment,Entertainment,Education,Entertainment,Entertainment,Entertainment,Entertainment,Entertainment,Entertainment,Entertainment,Entertainment,Entertainment,Entertainment,Entertainment,Entertainment,Entertainment,Entertainment,Entertainment,Entertainment,Entertainment,Entertainment,Entertainment,Entertainment,Entertainment,Entertainment,Entertainment,Entertainment,Entertainment,Entertainment,Entertainment,Entertainment,Entertainment,Entertainment,Entertainment,Social
Revenue Act of 1936,Error,Error,Error,Error,Error,Public administration,Error,Error,Error,Error,Error,Error,Error,Error,Error,Error,Error,Error,Error,Error,Error,Public administration,Social,Error,Error,Error,Error,Error,Error,Error,Error,Other,Error,Error,Error,Error,Error,Error,Error,Error,Error,Error,Error,Error,Public administration,Finance,Public administration,Public administration,Error,Error,Other,Error,Error,Public administration,Public administration,Error
DÜWAG,Trade,Trade,Trade,Trade,Trade,Trade,Trade,Transport,Transport,Trade,Trade,Transport,Trade,Trade,Trade,Trade,Trade,Trade,Trade,Trade,Transport,Transport,Trade,Trade,Trade,Trade,Trade,Trade,Trade,Trade,Trade,Trade,Transport,Trade,Trade,Transport,Transport,SciTech,Trade,Trade,Trade,SciTech,Trade,Trade,Trade,Trade,SciTech,Trade,Trade,Trade,Trade,Trade,Transport,Transport,Trade,Trade
Fleet Marine Force,Public administration,Public administration,Public administration,Public administration,Public administration,Public administration,Public administration,Public administration,Public administration,Public administration,Public administration,Public administration,Public administration,Public administration,Public administration,Public administration,Public administration,Public administration,Public administration,Public administration,Public administration,Public administration,Trade,Public administration,Public administration,Public administration,Public administration,Public administration,Public administration,Public administration,Public administration,Public administration,Other,Public administration,Public administration,Public administration,Public administration,Public administration,Public administration,Public administration,Public administration,Other,Public administration,Public administration,Public administration,Public administration,Other,Public administration,Public administration,Public administration,Public administration,Public administration,Public administration,Other,Public administration,Public administration
Philadelphia Tapers,Sports,Sports,Sports,Sports,Sports,Sports,Sports,Sports,Sports,Sports,Sports,Sports,Sports,Sports,Sports,Sports,Sports,Sports,Sports,Sports,Sports,Sports,Sports,Social,Sports,Sports,Sports,Sports,Sports,Sports,Sports,Sports,Sports,Sports,Sports,Sports,Sports,Sports,Sports,Sports,Sports,Sports,Sports,Sports,Sports,Sports,Sports,Sports,Sports,Sports,Sports,Sports,Sports,Sports,Sports,Sports
Kommersant,Entertainment,Entertainment,Entertainment,Social,Social,Trade,Entertainment,Entertainment,Error,Finance,Entertainment,Trade,Entertainment,Entertainment,Entertainment,Entertainment,Social,Other,Other,Other,Entertainment,Entertainment,Social,Social,Social,Social,Trade,Finance,Entertainment,Entertainment,Entertainment,Entertainment,Other,Social,Entertainment,Entertainment,Entertainment,Error,Entertainment,Entertainment,Entertainment,Social,Entertainment,Entertainment,Entertainment,Entertainment,Social,Entertainment,Entertainment,Entertainment,Social,Error,Entertainment,Finance,Entertainment,Entertainment
Midwest Communications,Entertainment,Entertainment,Entertainment,Entertainment,Entertainment,Trade,Entertainment,SciTech,Entertainment,Entertainment,Entertainment,Trade,Entertainment,Other,Entertainment,Entertainment,Entertainment,Entertainment,Entertainment,Entertainment,Entertainment,Entertainment,Entertainment,Entertainment,Entertainment,Entertainment,Entertainment,Entertainment,Entertainment,Entertainment,Entertainment,Entertainment,Entertainment,Trade,Entertainment,Entertainment,Entertainment,Entertainment,Entertainment,Entertainment,Entertainment,Entertainment,Entertainment,Entertainment,Entertainment,Entertainment,Entertainment,Entertainment,Entertainment,Entertainment,Entertainment,Education,Entertainment,Social,Entertainment,Entertainment
Wera Tools,Trade,Trade,Error,Trade,Trade,Trade,Trade,Trade,Trade,Trade,Trade,Trade,Trade,Trade,Trade,Trade,Trade,Trade,Trade,Trade,Trade,Trade,Trade,Trade,Trade,Trade,Trade,Trade,Trade,Trade,Trade,Trade,Trade,Trade,Trade,Trade,Trade,SciTech,Trade,Trade,Trade,SciTech,Trade,Trade,Trade,Trade,SciTech,Trade,Trade,Trade,Trade,Trade,Trade,Trade,Trade,Trade
44th Infantry Division (Germany),Public administration,Public administration,Public administration,Error,Public administration,Public administration,Public administration,Public administration,Public administration,Public administration,Public administration,Error,Public administration,Public administration,Public administration,Public administration,Public administration,Error,Public administration,Public administration,Public administration,Public administration,Public administration,Public administration,Public administration,Public administration,Public administration,Public administration,Public administration,Public administration,Public administration,Public administration,Other,Error,Public administration,Public administration,Public administration,Error,Public administration,Public administration,Public administration,Other,Public administration,Public administration,Error,Public administration,Other,Public administration,Public administration,Public administration,Error,Public administration,Public administration,Other,Public administration,Public administration
Embassy of the United States in Tokyo,Public administration,Public administration,Error,Error,Public administration,Public administration,Error,Public administration,Public administration,Public administration,Public administration,Trade,Public administration,Public administration,Public administration,Public administration,Public administration,Public administration,Public administration,Public administration,Public administration,Public administration,Public administration,Public administration,Public administration,Public administration,Public administration,Public administration,Public administration,Public administration,Public administration,Public administration,Public administration,Public administration,Public administration,Public administration,Public administration,Public administration,Public administration,Public administration,Public administration,Public administration,Public administration,Public administration,Public administration,Public administration,Other,Public administration,Public administration,Public administration,Public administration,Public administration,Social,Public administration,Public administration,Public administration
Saint-Louis (glass manufacturer),Trade,Trade,Trade,Trade,Trade,Trade,Trade,Trade,Trade,Trade,Trade,Trade,Trade,Trade,Trade,Trade,Trade,Trade,Trade,Trade,Trade,Trade,Trade,Trade,Trade,Trade,Trade,Trade,Trade,Trade,Trade,Trade,Trade,Trade,Trade,Trade,Trade,SciTech,Trade,Trade,Trade,SciTech,Trade,Trade,Trade,Trade,Trade,Trade,Trade,Trade,Trade,Trade,Trade,Trade,Trade,Trade
1962–63 Illinois Fighting Illini men's basketball team,Sports,Sports,Sports,Sports,Sports,Sports,Sports,Sports,Sports,Sports,Sports,Sports,Sports,Sports,Sports,Sports,Sports,Sports,Sports,Sports,Sports,Sports,Sports,Sports,Sports,Sports,Sports,Sports,Sports,Sports,Sports,Sports,Sports,Sports,Sports,Sports,Sports,Sports,Sports,Sports,Sports,Sports,Sports,Sports,Sports,Sports,Sports,Sports,Sports,Sports,Sports,Sports,Sports,Sports,Sports,Sports
Zambia at the Paralympics,Error,Error,Sports,Error,Error,Sports,Error,Error,Sports,Error,Sports,Sports,Error,Error,Error,Error,Other,Error,Sports,Error,Sports,Entertainment,Sports,Sports,Error,Sports,Sports,Error,Sports,Sports,Error,Sports,Error,Sports,Error,Sports,Error,Error,Trade,Sports,Error,Error,Error,Error,Sports,Sports,Social,Error,Error,Error,Other,Error,Error,Sports,Entertainment,Error
Royal Astronomical Society,SciTech,SciTech,SciTech,SciTech,SciTech,Social,SciTech,Social,SciTech,SciTech,SciTech,Education,SciTech,Social,Social,SciTech,Social,Education,SciTech,Education,SciTech,Social,SciTech,SciTech,Education,Social,SciTech,SciTech,SciTech,SciTech,SciTech,SciTech,Social,SciTech,SciTech,SciTech,SciTech,Education,SciTech,Education,SciTech,Social,SciTech,SciTech,SciTech,SciTech,SciTech,SciTech,Social,SciTech,SciTech,Social,Social,Social,SciTech,SciTech
China Shipbuilding Industry Corporation,Trade,Trade,Trade,Trade,Trade,Trade,Transport,Transport,Transport,Trade,Trade,Transport,Trade,Trade,Trade,Trade,Trade,Trade,Trade,Trade,Transport,Trade,Trade,Trade,Trade,Real estate,Trade,Trade,Trade,Trade,Trade,Trade,Transport,Trade,Trade,Transport,Trade,SciTech,Transport,Trade,Trade,SciTech,Trade,Trade,Trade,Trade,SciTech,Trade,Trade,Trade,Trade,Trade,Transport,Trade,Trade,Trade
Applied Underwriters Inc.,Finance,Finance,Finance,Finance,Finance,Finance,Trade,Finance,Trade,Finance,Finance,Finance,Finance,Trade,Finance,Finance,Finance,Other,Finance,Other,Finance,Finance,Trade,Finance,Finance,Finance,Other,Finance,Finance,Trade,Trade,Finance,Finance,Trade,Finance,Finance,Finance,Other,Finance,Finance,Other,Finance,Finance,Finance,Finance,Finance,Trade,Finance,Finance,Finance,Finance,Finance,Finance,Finance,Finance,Finance
WDEK (AM),Entertainment,Entertainment,Entertainment,Entertainment,Entertainment,Other,Entertainment,Entertainment,Entertainment,Entertainment,Entertainment,Entertainment,Entertainment,Entertainment,Entertainment,Entertainment,Entertainment,Entertainment,Entertainment,Entertainment,Entertainment,Entertainment,Entertainment,Entertainment,Entertainment,Entertainment,Entertainment,Entertainment,Entertainment,Entertainment,Entertainment,Entertainment,Entertainment,Entertainment,Entertainment,Entertainment,Entertainment,Entertainment,Entertainment,Entertainment,Entertainment,Entertainment,Entertainment,Entertainment,Entertainment,Entertainment,Entertainment,Entertainment,Entertainment,Entertainment,Entertainment,Entertainment,Entertainment,Entertainment,Entertainment,Entertainment
WPEO,Entertainment,Entertainment,Entertainment,Entertainment,Entertainment,Other,Entertainment,Entertainment,Entertainment,Entertainment,Entertainment,Entertainment,Entertainment,Entertainment,Entertainment,Entertainment,Entertainment,Entertainment,Entertainment,Entertainment,Entertainment,Entertainment,Entertainment,Entertainment,Entertainment,Entertainment,Entertainment,Entertainment,Entertainment,Entertainment,Entertainment,Entertainment,Entertainment,Entertainment,Entertainment,Entertainment,Entertainment,Entertainment,Entertainment,Entertainment,Entertainment,Entertainment,Entertainment,Entertainment,Entertainment,Entertainment,Entertainment,Entertainment,Entertainment,Entertainment,Entertainment,Entertainment,Entertainment,Entertainment,Entertainment,Entertainment
Taimyr Air Company,Transport,Transport,Transport,Transport,Transport,Transport,Transport,Transport,Transport,Transport,Transport,Transport,Transport,Transport,Transport,Transport,Transport,Transport,Transport,Transport,Transport,Transport,Transport,Transport,Transport,Transport,Transport,Transport,Transport,Trade,Transport,Transport,Transport,Transport,Transport,Transport,Transport,Transport,Transport,Transport,Transport,Transport,Transport,Transport,Transport,Transport,Transport,Transport,Transport,Transport,Transport,Transport,Transport,Transport,Transport,Transport
Ennahda Movement,Social,Error,Social,Public administration,Social,Error,Error,Social,Social,Public administration,Social,Social,Social,Social,Error,Public administration,Public administration,Public administration,Social,Public administration,Social,Social,Social,Error,Public administration,Public administration,Social,Public administration,Social,Social,Social,Social,Social,Error,Social,Social,Social,Public administration,Social,Social,Social,Error,Social,Social,Social,Social,Social,Social,Social,Social,Social,Public administration,Social,Social,Social,Social
Navy Midshipmen men's lacrosse,Sports,Sports,Education,Sports,Sports,Sports,Sports,Sports,Sports,Sports,Sports,Sports,Sports,Sports,Sports,Sports,Sports,Sports,Sports,Sports,Sports,Sports,Sports,Public administration,Public administration,Transport,Sports,Sports,Sports,Sports,Sports,Sports,Sports,Sports,Sports,Sports,Sports,Sports,Public administration,Sports,Sports,Education,Sports,Sports,Sports,Sports,Sports,Sports,Sports,Sports,Sports,Sports,Sports,Sports,Sports,Sports
332d Troop Carrier Squadron,Public administration,Public administration,Public administration,Error,Public administration,Public administration,Public administration,Public administration,Public administration,Public administration,Public administration,Error,Public administration,Public administration,Public administration,Public administration,Public administration,Error,Public administration,Public administration,Public administration,Public administration,Public administration,Public administration,Public administration,Public administration,Public administration,Public administration,Public administration,Public administration,Public administration,Public administration,Other,Public administration,Public administration,Public administration,Public administration,Public administration,Public administration,Public administration,Public administration,Other,Public administration,Public administration,Public administration,Public administration,Other,Public administration,Public administration,Public administration,Other,Public administration,Public administration,Other,Public administration,Public administration
Shaye,Entertainment,Entertainment,Entertainment,Entertainment,Entertainment,Entertainment,Entertainment,Entertainment,Entertainment,Entertainment,Entertainment,Entertainment,Entertainment,Entertainment,Entertainment,Entertainment,Entertainment,Entertainment,Entertainment,Entertainment,Entertainment,Entertainment,Entertainment,Entertainment,Entertainment,Entertainment,Entertainment,Entertainment,Entertainment,Entertainment,Entertainment,Entertainment,Entertainment,Entertainment,Entertainment,Entertainment,Entertainment,Entertainment,Entertainment,Entertainment,Entertainment,Entertainment,Entertainment,Entertainment,Entertainment,Entertainment,Entertainment,Entertainment,Entertainment,Entertainment,Entertainment,Entertainment,Entertainment,Entertainment,Entertainment,Entertainment
Walmart,Trade,Trade,Trade,Trade,Trade,Trade,Trade,Hospitality,Trade,Trade,Trade,Trade,Trade,Trade,Trade,Trade,Other,Trade,Trade,Trade,Trade,Trade,Trade,Resources,Trade,Hospitality,Trade,Trade,Trade,Trade,Trade,Trade,Trade,Trade,Trade,Trade,Trade,Trade,Trade,Trade,Trade,Trade,Trade,Trade,Trade,Trade,Trade,Trade,Trade,Trade,Trade,Trade,Trade,Trade,Trade,Trade
Robert Marlow,Entertainment,Error,Entertainment,Error,Error,Error,Error,Entertainment,Error,Entertainment,Entertainment,Entertainment,Error,Entertainment,Error,Error,Error,Error,Entertainment,Entertainment,Entertainment,Entertainment,Entertainment,Error,Entertainment,Entertainment,Entertainment,Entertainment,Entertainment,Error,Error,Entertainment,Entertainment,Error,Entertainment,Entertainment,Entertainment,Error,Entertainment,Entertainment,Entertainment,Error,Error,Entertainment,Entertainment,Entertainment,Entertainment,Entertainment,Error,Entertainment,Entertainment,Entertainment,Entertainment,Entertainment,Entertainment,Entertainment
Muir Homes,Real estate,Real estate,Trade,Trade,Real estate,Real estate,Real estate,Trade,Hospitality,Trade,Real estate,Real estate,Real estate,Real estate,Real estate,Real estate,Trade,Real estate,Real estate,Real estate,Real estate,Real estate,Real estate,Real estate,Real estate,Real estate,Trade,Trade,Real estate,Trade,Real estate,Real estate,Real estate,Real estate,Real estate,Real estate,Real estate,Real estate,Trade,Trade,Real estate,Real estate,Real estate,Real estate,Real estate,Real estate,Trade,Real estate,Real estate,Real estate,Real estate,Real estate,Real estate,Real estate,Real estate,Real estate
Eclipse Foundation,SciTech,SciTech,Social,Social,SciTech,Social,SciTech,Social,SciTech,Social,SciTech,Social,SciTech,Social,SciTech,SciTech,Social,SciTech,SciTech,Social,SciTech,Social,Social,SciTech,SciTech,SciTech,SciTech,SciTech,SciTech,Social,SciTech,SciTech,SciTech,SciTech,SciTech,SciTech,SciTech,Other,Social,SciTech,SciTech,SciTech,SciTech,SciTech,Finance,SciTech,Social,SciTech,Social,SciTech,SciTech,Social,SciTech,Social,Social,SciTech
Yankee (magazine),Entertainment,Entertainment,Entertainment,Entertainment,Social,Social,Entertainment,Entertainment,Education,Entertainment,Entertainment,Entertainment,Entertainment,Entertainment,Entertainment,Entertainment,Social,Entertainment,Other,Other,Entertainment,Entertainment,Entertainment,Entertainment,Entertainment,Entertainment,Other,Entertainment,Entertainment,Entertainment,Entertainment,Entertainment,Entertainment,Entertainment,Entertainment,Entertainment,Entertainment,Entertainment,Entertainment,Entertainment,Entertainment,Entertainment,Entertainment,Entertainment,Entertainment,Entertainment,Social,Entertainment,Error,Entertainment,Social,Entertainment,Entertainment,Entertainment,Entertainment,Entertainment
Project 571 Outline,Error,Error,Error,Error,Other,Error,Error,Error,Entertainment,Error,Error,Social,Error,Error,Error,Error,Error,Error,Error,Error,Error,Error,Error,Error,Error,Error,Error,Error,Error,Error,Error,Social,Public administration,Error,Error,Error,Error,Error,Error,Error,Error,Error,Error,Error,Error,Public administration,Error,Error,Error,Error,Other,Error,Error,Public administration,Error,Error
No. 535 Squadron RAF,Public administration,Public administration,Public administration,Error,Public administration,Public administration,Public administration,Public administration,Public administration,Public administration,Error,Error,Public administration,Public administration,Public administration,Public administration,Public administration,Error,Public administration,Public administration,Public administration,Public administration,Public administration,Public administration,Public administration,Public administration,Public administration,Public administration,Public administration,Public administration,Public administration,Public administration,Other,Public administration,Public administration,Public administration,Public administration,Public administration,Public administration,Public administration,Error,Other,Public administration,Public administration,Public administration,Public administration,Other,Public administration,Error,Public administration,Public administration,Public administration,Public administration,Other,Other,Public administration
North Carolina Tar Heels field hockey,Sports,Sports,Sports,Sports,Sports,Sports,Sports,Sports,Sports,Sports,Sports,Sports,Sports,Sports,Sports,Sports,Sports,Sports,Sports,Sports,Sports,Sports,Sports,Sports,Sports,Sports,Sports,Sports,Sports,Sports,Sports,Sports,Sports,Sports,Sports,Sports,Sports,Sports,Sports,Sports,Sports,Sports,Sports,Sports,Sports,Sports,Sports,Sports,Sports,Sports,Social,Sports,Sports,Sports,Sports,Sports
